episode	score
0	26
1	40
2	25
3	33
4	34
5	43
6	45
7	31
8	44
9	35
10	25
11	44
12	42
13	46
14	35
15	26
16	31
17	51
18	26
19	45
20	27
21	33
22	35
23	63
24	27
25	26
26	28
27	26
28	30
29	40
30	51
31	37
32	33
33	46
34	28
35	49
36	29
37	28
38	26
39	36
40	29
41	43
42	30
43	33
44	32
45	29
46	37
47	31
48	28
49	26
50	35
51	29
52	31
53	35
54	42
55	31
56	22
57	52
58	28
59	27
60	30
61	30
62	32
63	25
64	38
65	39
66	37
67	42
68	37
69	45
70	37
71	31
72	38
73	28
74	51
75	27
76	43
77	29
78	33
79	31
80	28
81	42
82	37
83	27
84	50
85	29
86	28
87	34
88	31
89	28
90	25
91	25
92	41
93	26
94	71
95	36
96	35
97	24
98	27
99	30
100	34
101	40
102	34
103	40
104	43
105	31
106	46
107	31
108	46
109	31
110	55
111	38
112	40
113	40
114	47
115	45
116	35
117	28
118	36
119	39
120	41
121	50
122	35
123	31
124	24
125	36
126	34
127	28
128	30
129	44
130	26
131	28
132	35
133	39
134	49
135	39
136	39
137	34
138	34
139	35
140	24
141	35
142	29
143	35
144	42
145	48
146	33
147	57
148	37
149	25
150	30
151	28
152	44
153	31
154	26
155	41
156	47
157	35
158	28
159	65
160	36
161	45
162	35
163	29
164	46
165	39
166	36
167	35
168	33
169	25
170	31
171	40
172	29
173	37
174	31
175	28
176	42
177	39
178	48
179	33
180	28
181	31
182	41
183	41
184	36
185	43
186	52
187	63
188	37
189	48
190	40
191	32
192	46
193	40
194	41
195	31
196	34
197	49
198	24
199	37
200	44
201	35
202	29
203	31
204	25
205	30
206	57
207	28
208	42
209	27
210	34
211	27
212	46
213	44
214	58
215	34
216	36
217	34
218	48
219	25
220	40
221	30
222	33
223	34
224	28
225	47
226	39
227	29
228	41
229	40
230	34
231	26
232	50
233	24
234	42
235	35
236	67
237	37
238	31
239	33
240	44
241	28
242	39
243	37
244	26
245	75
246	31
247	28
248	28
249	52
250	38
251	33
252	36
253	47
254	35
255	27
256	40
257	49
258	36
259	57
260	34
261	32
262	34
263	36
264	26
265	31
266	52
267	29
268	28
269	33
270	38
271	36
272	26
273	33
274	47
275	47
276	36
277	38
278	50
279	60
280	35
281	42
282	31
283	48
284	35
285	39
286	43
287	41
288	59
289	29
290	65
291	37
292	44
293	46
294	37
295	53
296	53
297	50
298	41
299	37
300	35
301	42
302	59
303	38
304	63
305	61
306	49
307	43
308	38
309	51
310	44
311	38
312	37
313	38
314	48
315	43
316	47
317	85
318	43
319	52
320	34
321	45
322	37
323	33
324	38
325	43
326	51
327	36
328	42
329	42
330	77
331	44
332	36
333	33
334	60
335	50
336	42
337	65
338	51
339	38
340	41
341	51
342	39
343	49
344	63
345	36
346	42
347	36
348	31
349	64
350	38
351	42
352	58
353	91
354	60
355	40
356	41
357	48
358	69
359	44
360	50
361	41
362	64
363	57
364	40
365	53
366	55
367	48
368	78
369	35
370	74
371	40
372	60
373	43
374	72
375	56
376	35
377	39
378	42
379	43
380	45
381	48
382	32
383	41
384	42
385	48
386	45
387	39
388	38
389	33
390	45
391	56
392	81
393	38
394	70
395	71
396	50
397	54
398	63
399	55
400	56
401	46
402	36
403	62
404	79
405	55
406	48
407	49
408	80
409	74
410	66
411	33
412	44
413	63
414	49
415	50
416	51
417	51
418	58
419	47
420	69
421	83
422	43
423	55
424	45
425	51
426	35
427	46
428	54
429	67
430	36
431	47
432	58
433	56
434	44
435	59
436	73
437	50
438	69
439	53
440	41
441	50
442	50
443	55
444	53
445	42
446	82
447	68
448	109
449	56
450	48
451	71
452	90
453	150
454	40
455	78
456	56
457	65
458	57
459	54
460	81
461	58
462	41
463	58
464	112
465	47
466	52
467	65
468	62
469	73
470	124
471	54
472	51
473	81
474	82
475	85
476	79
477	84
478	83
479	67
480	69
481	83
482	60
483	91
484	94
485	77
486	51
487	48
488	59
489	61
490	48
491	58
492	81
493	53
494	101
495	66
496	70
497	58
498	96
499	65
500	79
501	99
502	92
503	50
504	76
505	61
506	105
507	89
508	113
509	49
510	45
511	80
512	71
513	69
514	69
515	68
516	64
517	156
518	92
519	91
520	92
521	110
522	84
523	79
524	73
525	74
526	104
527	56
528	51
529	78
530	84
531	81
532	75
533	89
534	65
535	126
536	55
537	126
538	126
539	72
540	84
541	99
542	105
543	64
544	55
545	53
546	73
547	72
548	47
549	62
550	91
551	168
552	83
553	67
554	99
555	71
556	68
557	78
558	60
559	84
560	114
561	128
562	78
563	103
564	54
565	50
566	61
567	86
568	73
569	65
570	71
571	88
572	151
573	138
574	104
575	55
576	90
577	94
578	241
579	51
580	117
581	95
582	83
583	79
584	61
585	48
586	80
587	87
588	116
589	98
590	57
591	230
592	149
593	217
594	161
595	217
596	82
597	186
598	108
599	262
600	97
601	185
602	100
603	83
604	216
605	225
606	169
607	249
608	231
609	60
610	99
611	122
612	142
613	154
614	146
615	150
616	263
617	160
618	189
619	120
620	250
621	203
622	56
623	111
624	73
625	90
626	184
627	130
628	154
629	157
630	127
631	117
632	217
633	327
634	186
635	77
636	76
637	178
638	428
639	188
640	80
641	221
642	157
643	201
644	126
645	308
646	107
647	89
648	259
649	151
650	170
651	105
652	339
653	268
654	230
655	88
656	169
657	223
658	162
659	163
660	230
661	166
662	296
663	123
664	514
665	251
666	466
667	128
668	178
669	157
670	198
671	202
672	223
673	187
674	86
675	53
676	527
677	141
678	721
679	191
680	610
681	136
682	320
683	319
684	95
685	182
686	480
687	515
688	504
689	270
690	343
691	695
692	526
693	223
694	387
695	405
696	527
697	590
698	843
699	254
700	165
701	297
702	439
703	182
704	1896
705	127
706	570
707	459
708	424
709	685
710	531
711	1488
712	924
713	794
714	1314
715	492
716	361
717	874
718	153
719	327
720	298
721	259
722	1245
723	112
724	337
725	333
726	1048
727	216
728	105
729	1337
730	342
731	1438
732	376
733	639
734	1951
735	369
736	1438
737	1012
738	222
739	1951
740	1951
741	1001
742	1354
743	646
744	515
745	403
746	1951
747	1871
748	738
749	715
750	1040
751	982
752	89
753	1582
754	1951
755	777
756	979
757	67
758	438
759	332
760	320
761	687
762	1590
763	825
764	75
765	1951
766	102
767	581
768	1285
769	1041
770	1933
771	1574
772	184
773	604
774	259
775	1951
776	1184
777	376
778	175
779	126
780	684
781	87
782	1804
783	505
784	1951
785	495
786	1951
787	1926
788	1027
789	626
790	933
791	1951
792	1951
793	166
794	1951
795	1951
796	116
797	518
798	127
799	1951
800	694
801	1951
802	1951
803	1951
804	1024
805	147
806	794
807	146
808	1480
809	1951
810	1951
811	1951
812	1082
813	1951
814	1951
815	1951
816	1951
817	1585
818	1951
819	1951
820	1951
821	1951
822	1951
823	1951
824	643
825	202
826	959
827	1677
828	1951
829	148
830	1903
831	398
832	1693
833	1951
834	1951
835	1744
836	1951
837	1951
838	1951
839	1951
840	310
841	1428
842	1937
843	1951
844	1951
845	1951
846	1951
847	1951
848	1951
849	1951
850	1436
851	997
852	1729
853	839
854	1951
855	437
856	1951
857	86
858	101
859	257
860	1951
861	1951
862	1480
863	1951
864	1951
865	1138
866	1951
867	1431
868	1951
869	1951
870	1026
871	1951
872	1951
873	1951
874	1884
875	1951
876	1951
877	1951
878	1951
879	1951
880	1951
881	1493
882	144
883	179
884	551
885	739
886	1951
887	1951
888	1951
889	1951
890	1951
891	1951
892	1951
893	1951
894	1951
895	1951
896	1951
897	1951
898	1951
899	1951
900	1951
901	1951
902	1951
903	1951
904	1951
905	1951
906	1416
907	1951
908	1951
909	1951
910	1951
911	1951
912	661
913	1951
914	1951
915	1951
916	1951
917	1951
918	1951
919	1951
920	1532
921	1951
922	1951
923	1428
924	1951
925	1951
926	1951
927	1951
928	76
929	1951
930	1951
931	1951
932	1951
933	1951
934	1951
935	1423
936	1951
937	1951
938	1951
939	1951
940	1951
941	1951
942	1951
943	1951
944	1951
945	1951
946	1951
947	1951
948	1951
949	71
950	114
951	1951
952	1951
953	1951
954	1951
955	1951
956	1951
957	1951
958	1951
959	1620
960	1951
961	1951
962	1195
963	1951
964	1951
965	1951
966	1951
967	1951
968	1951
969	91
970	109
971	1951
972	83
973	120
974	1951
975	72
976	1951
977	96
978	1699
979	88
980	103
981	73
982	83
983	63
984	64
985	45
986	38
987	47
988	46
989	61
990	49
991	50
992	46
993	49
994	59
995	51
996	55
997	54
998	53
999	1951
1000	1951
1001	73
1002	90
1003	94
1004	1041
1005	1951
1006	136
1007	1951
1008	1756
1009	1951
1010	1951
1011	1951
1012	1951
1013	1951
1014	96
1015	1951
1016	1951
1017	1951
1018	76
1019	1951
1020	107
1021	1951
1022	1951
1023	68
1024	93
1025	99
1026	1613
1027	61
1028	1951
1029	1951
1030	1951
1031	1951
1032	1951
1033	1951
1034	1951
1035	1951
1036	1951
1037	1951
1038	1951
1039	1951
1040	1951
1041	1951
1042	1951
1043	96
1044	98
1045	350
1046	451
1047	557
1048	714
1049	1951
1050	1951
1051	1951
1052	1951
1053	1951
1054	1457
1055	1951
1056	1951
1057	1951
1058	1951
1059	1951
1060	1951
1061	1951
1062	1951
1063	1951
1064	413
1065	1031
1066	1951
1067	1951
1068	1951
1069	1951
1070	643
1071	1951
1072	1951
1073	1951
1074	1951
1075	1951
1076	1951
1077	1951
1078	1951
1079	1951
1080	1189
1081	1951
1082	1951
1083	1951
1084	1951
1085	1802
1086	947
1087	1951
1088	1951
1089	1347
1090	1951
1091	325
1092	698
1093	1951
1094	1951
1095	1460
1096	1951
1097	1951
1098	1951
1099	1951
1100	1951
1101	1951
1102	1951
1103	1951
1104	477
1105	1951
1106	1951
1107	1951
1108	1951
1109	1951
1110	1951
1111	1951
1112	1951
1113	1951
1114	1951
1115	1951
1116	127
1117	160
1118	114
1119	508
1120	1951
1121	1951
1122	1951
1123	1442
1124	1951
1125	223
1126	1951
1127	1951
1128	1951
1129	995
1130	158
1131	1951
1132	1951
1133	1951
1134	1951
1135	1951
1136	1951
1137	1951
1138	1951
1139	1951
1140	1951
1141	1951
1142	1951
1143	1951
1144	1951
1145	1951
1146	83
1147	868
1148	442
1149	1951
1150	1951
1151	1951
1152	1951
1153	1951
1154	1951
1155	1951
1156	1951
1157	1951
1158	1951
1159	1951
1160	1951
1161	1951
1162	1951
1163	1951
1164	1951
1165	1951
1166	1951
1167	1951
1168	1951
1169	1951
1170	1951
1171	1951
1172	1951
1173	1951
1174	1951
1175	1951
1176	1951
1177	1951
1178	1951
1179	1951
1180	1951
1181	555
1182	1951
1183	1951
1184	1951
1185	1951
1186	1951
1187	445
1188	1951
1189	1951
1190	1951
1191	1951
1192	513
1193	1951
1194	1951
1195	1951
1196	1951
1197	496
1198	1101
1199	1951
1200	1951
1201	1951
1202	1096
1203	1951
1204	1951
1205	1951
1206	1951
1207	1022
1208	121
1209	1951
1210	1951
1211	1951
1212	1951
1213	1365
1214	1951
1215	1951
1216	1666
1217	1951
1218	1951
1219	1951
1220	1951
1221	1951
1222	1533
1223	1951
1224	1951
1225	577
1226	1951
1227	1951
1228	339
1229	1951
1230	347
1231	1951
1232	102
1233	85
1234	1951
1235	56
1236	1951
1237	94
1238	1951
1239	1413
1240	1951
1241	1951
1242	1951
1243	1951
1244	1951
1245	1951
1246	1951
1247	1951
1248	1951
1249	1951
1250	1951
1251	123
1252	1951
1253	1519
1254	1951
1255	1951
1256	1951
1257	1951
1258	1951
1259	1951
1260	1951
1261	1951
1262	1951
1263	1951
1264	1951
1265	1951
1266	1951
1267	1951
1268	1951
1269	135
1270	1951
1271	1951
1272	1951
1273	1951
1274	1951
1275	1951
1276	1951
1277	1951
1278	1951
1279	1951
1280	1951
1281	1951
1282	1951
1283	1951
1284	1951
1285	1951
1286	1951
1287	1951
1288	1951
1289	1951
1290	479
1291	1951
1292	1951
1293	1864
1294	56
1295	1951
1296	1951
1297	710
1298	1951
1299	1951
1300	1951
1301	1951
1302	1951
1303	358
1304	1951
1305	1951
1306	1951
1307	1951
1308	1951
1309	1951
1310	1951
1311	1951
1312	1951
1313	1951
1314	1951
1315	1951
1316	82
1317	1951
1318	1951
1319	1951
1320	1951
1321	1951
1322	1951
1323	1951
1324	1951
1325	1951
1326	1951
1327	1951
1328	1951
1329	1951
1330	1951
1331	1951
1332	1951
1333	1951
1334	1951
1335	1951
1336	1951
1337	1951
1338	1951
1339	1951
1340	1951
1341	1951
1342	1951
1343	1951
1344	1951
1345	1951
1346	1951
1347	1951
1348	1951
1349	1951
1350	1951
1351	1951
1352	1951
1353	1951
1354	1951
1355	1951
1356	1951
1357	1951
1358	1951
1359	1951
1360	1951
1361	1951
1362	1951
1363	1951
1364	1951
1365	1951
1366	1951
1367	1951
1368	1951
1369	1951
1370	1951
1371	1951
1372	1951
1373	1951
1374	1951
1375	1951
1376	1951
1377	1951
1378	1951
1379	1951
1380	1951
1381	1951
1382	1951
1383	1951
1384	1951
1385	1951
1386	1951
1387	1951
1388	1951
1389	1951
1390	1951
1391	1951
1392	1951
1393	1951
1394	1951
1395	1951
1396	1951
1397	1951
1398	1951
1399	1951
1400	1951
1401	1951
1402	146
1403	1951
1404	1951
1405	1951
1406	1951
1407	1951
1408	1951
1409	1166
1410	72
1411	1951
1412	1951
1413	1951
1414	1951
1415	1951
1416	1951
1417	1951
1418	1951
1419	1951
1420	1951
1421	1951
1422	1951
1423	1951
1424	1951
1425	1951
1426	1951
1427	1951
1428	1951
1429	1951
1430	1951
1431	1951
1432	1951
1433	1951
1434	1951
1435	1951
1436	1951
1437	1951
1438	1951
1439	1951
1440	1951
1441	1951
1442	1951
1443	1951
1444	1951
1445	1951
1446	1951
1447	1951
1448	154
1449	1241
1450	1951
1451	1951
1452	1951
1453	1951
1454	1951
1455	1951
1456	1951
1457	1951
1458	1951
1459	1951
1460	1951
1461	1951
1462	1951
1463	1951
1464	1951
1465	1951
1466	1951
1467	1951
1468	1951
1469	1951
1470	1951
1471	1951
1472	1951
1473	1951
1474	1951
1475	1951
1476	1951
1477	1951
1478	1951
1479	168
1480	1951
1481	1951
1482	1951
1483	1951
1484	1951
1485	1951
1486	1343
1487	85
1488	1951
1489	1951
1490	1951
1491	1951
1492	1801
1493	1672
1494	118
1495	1951
1496	1951
1497	1951
1498	1951
1499	1951
1500	1951
1501	1951
1502	1951
1503	1951
1504	1951
1505	1951
1506	1951
1507	1951
1508	1951
1509	1951
1510	1951
1511	1951
1512	1951
1513	1951
1514	1951
1515	1951
1516	1951
1517	1951
1518	1951
1519	1951
1520	1951
1521	1951
1522	1951
1523	1951
1524	1951
1525	1951
1526	1951
1527	1951
1528	1951
1529	1951
1530	1951
1531	1951
1532	1951
1533	1951
1534	1951
1535	1951
1536	1951
1537	1679
1538	1951
1539	1951
1540	1951
1541	1951
1542	1951
1543	1951
1544	1951
1545	1951
1546	1951
1547	1951
1548	1951
1549	1951
1550	1951
1551	1951
1552	1951
1553	1951
1554	1951
1555	1951
1556	1951
1557	1951
1558	1951
1559	1951
1560	1951
1561	1951
1562	1951
1563	1951
1564	1951
1565	1951
1566	1951
1567	1951
1568	1951
1569	1951
1570	1951
1571	1951
1572	1951
1573	1951
1574	1951
1575	1951
1576	1951
1577	1951
1578	1951
1579	1951
1580	1951
1581	1951
1582	1951
1583	1951
1584	1951
1585	1951
1586	1951
1587	1951
1588	1951
1589	1951
1590	1951
1591	1951
1592	1951
1593	1951
1594	1951
1595	1951
1596	1951
1597	1951
1598	1951
1599	1951
1600	1951
1601	1951
1602	1951
1603	1951
1604	1951
1605	1951
1606	1951
1607	1951
1608	1951
1609	1951
1610	1951
1611	1951
1612	1951
1613	1951
1614	1951
1615	1951
1616	1951
1617	1951
1618	1951
1619	1951
1620	1951
1621	1951
1622	1951
1623	422
1624	1951
1625	1951
1626	1951
1627	1951
1628	1951
1629	438
1630	1951
1631	1951
1632	1951
1633	717
1634	1057
1635	1951
1636	1880
1637	1951
1638	1951
1639	1951
1640	1951
1641	1951
1642	1951
1643	1951
1644	1951
1645	1951
1646	1951
1647	1951
1648	1951
1649	1951
1650	122
1651	1951
1652	672
1653	1951
1654	1951
1655	1951
1656	1951
1657	1951
1658	1951
1659	1951
1660	1951
1661	1951
1662	1951
1663	1951
1664	1951
1665	1951
1666	1951
1667	1951
1668	1951
1669	1951
1670	1951
1671	1951
1672	1951
1673	1951
1674	1951
1675	1951
1676	1951
1677	1951
1678	1951
1679	1951
1680	1951
1681	1951
1682	1951
1683	1951
1684	282
1685	147
1686	900
1687	851
1688	1951
1689	1951
1690	1951
1691	1951
1692	1951
1693	1951
1694	1951
1695	1951
1696	1951
1697	1951
1698	1951
1699	1951
1700	1951
1701	1951
1702	1951
1703	431
1704	106
1705	92
1706	726
1707	1951
1708	1951
1709	1951
1710	1951
1711	1951
1712	1951
1713	1951
1714	1951
1715	1951
1716	1951
1717	1765
1718	720
1719	1951
1720	1951
1721	1951
1722	1951
1723	1951
1724	1951
1725	1951
1726	1951
1727	1951
1728	1951
1729	1951
1730	1951
1731	100
1732	355
1733	1348
1734	1951
1735	1951
1736	1951
1737	1951
1738	1951
1739	1951
1740	1951
1741	1951
1742	1951
1743	1951
1744	1951
1745	1951
1746	1951
1747	1951
1748	1951
1749	1951
1750	1951
1751	1951
1752	1951
1753	1951
1754	1951
1755	1951
1756	1951
1757	1951
1758	1951
1759	1951
1760	1951
1761	1951
1762	1951
1763	1951
1764	1951
1765	1951
1766	1951
1767	1951
1768	1951
1769	1951
1770	1951
1771	1951
1772	1951
1773	1951
1774	1951
1775	1951
1776	1951
1777	1951
1778	1951
1779	1603
1780	389
1781	67
1782	1951
1783	1951
1784	1951
1785	1951
1786	1951
1787	1951
1788	58
1789	1951
1790	1951
1791	1951
1792	1551
1793	76
1794	1778
1795	1951
1796	1951
1797	1951
1798	91
1799	1951
1800	1951
1801	1951
1802	1951
1803	1951
1804	1951
1805	1951
1806	1951
1807	1951
1808	1951
1809	1951
1810	1951
1811	1951
1812	1951
1813	1951
1814	1951
1815	1951
1816	1951
1817	1951
1818	1951
1819	1951
1820	1951
1821	1951
1822	1951
1823	1951
1824	1951
1825	1951
1826	1951
1827	1951
1828	1951
1829	1951
1830	1951
1831	1951
1832	1951
1833	1951
1834	1951
1835	1951
1836	1951
1837	137
1838	1951
1839	1951
1840	1951
1841	1951
1842	1951
1843	1951
1844	1951
1845	1951
1846	1951
1847	1951
1848	1951
1849	1951
1850	1951
1851	1951
1852	1951
1853	1951
1854	1951
1855	1951
1856	1951
1857	1951
1858	1951
1859	1951
1860	1951
1861	1951
1862	1951
1863	1951
1864	1951
1865	1951
1866	1951
1867	1951
1868	1951
1869	1951
1870	1951
1871	1951
1872	1951
1873	1951
1874	1951
1875	1951
1876	1951
1877	1951
1878	1951
1879	1951
1880	1951
1881	1951
1882	1951
1883	1951
1884	1951
1885	1951
1886	1951
1887	1951
1888	1951
1889	1951
1890	1951
1891	1951
1892	1951
1893	1951
1894	1951
1895	1951
1896	1951
1897	1951
1898	1951
1899	1951
1900	1951
1901	1951
1902	1951
1903	1951
1904	1951
1905	1951
1906	1951
1907	136
1908	149
1909	1951
1910	1951
1911	1951
1912	312
1913	837
1914	801
1915	1951
1916	1951
1917	1951
1918	1951
1919	1951
1920	1951
1921	1951
1922	1951
1923	1951
1924	1951
1925	1951
1926	1951
1927	1951
1928	1951
1929	1951
1930	1951
1931	1951
1932	1951
1933	1951
1934	1434
1935	1951
1936	1951
1937	1343
1938	1951
1939	1007
1940	1951
1941	1951
1942	1951
1943	1951
1944	1951
1945	1951
1946	1951
1947	1857
1948	1951
1949	1439
1950	1951
1951	1951
1952	261
1953	1951
1954	1951
1955	1951
1956	1182
1957	1951
1958	1951
1959	1951
1960	1951
1961	1951
1962	1951
1963	1951
1964	1842
1965	1951
1966	1951
1967	1951
1968	1951
1969	1951
1970	1951
1971	1951
1972	1951
1973	1951
1974	1951
1975	1951
1976	1951
1977	1951
1978	1951
1979	1951
1980	1951
1981	1951
1982	1951
1983	1951
1984	1951
1985	1951
1986	1951
1987	156
1988	166
1989	1951
1990	1951
1991	1951
1992	1951
1993	1951
1994	1951
1995	1951
1996	1951
1997	1951
1998	1951
1999	1951
2000	1951
2001	1951
2002	192
2003	394
2004	1951
2005	1951
2006	1951
2007	1951
2008	1951
2009	1951
2010	1951
2011	1951
2012	1951
2013	1951
2014	1951
2015	1951
2016	1951
2017	1951
2018	514
2019	1317
2020	456
2021	1843
2022	1951
2023	1951
2024	1951
2025	1951
2026	1951
2027	1951
2028	1951
2029	1951
2030	1951
2031	1951
2032	1951
2033	1951
2034	1951
2035	1951
2036	1951
2037	1951
2038	1951
2039	1951
2040	827
2041	1951
2042	1951
2043	606
2044	1951
2045	1951
2046	1951
2047	1951
2048	1951
2049	1951
2050	1951
2051	1951
2052	1951
2053	1951
2054	1951
2055	1951
2056	1951
2057	1951
2058	1951
2059	1951
2060	1951
2061	1951
2062	1951
2063	271
2064	144
2065	799
2066	328
2067	1951
2068	1951
2069	1951
2070	1951
2071	1951
2072	367
2073	1951
2074	1951
2075	128
2076	1951
2077	1951
2078	1951
2079	1951
2080	1951
2081	1951
2082	1631
2083	1951
2084	1951
2085	1951
2086	1750
2087	1951
2088	1951
2089	1951
2090	1951
2091	1951
2092	1951
2093	1951
2094	1951
2095	898
2096	1951
2097	1951
2098	1951
2099	1951
2100	1951
2101	1951
2102	1951
2103	1951
2104	1951
2105	1951
2106	1951
2107	1951
2108	1951
2109	1951
2110	1951
2111	1951
2112	1951
2113	1951
2114	1951
2115	1951
2116	1951
2117	1951
2118	1951
2119	1951
2120	1951
2121	1951
2122	1951
2123	1951
2124	1951
2125	1951
2126	1951
2127	1951
2128	1951
2129	1951
2130	1951
2131	1951
2132	1951
2133	1951
2134	1951
2135	188
2136	1951
2137	1951
2138	1951
2139	1951
2140	1951
2141	1951
2142	1951
2143	1951
2144	1951
2145	1951
2146	1951
2147	1951
2148	1951
2149	1951
2150	1951
2151	1951
2152	1951
2153	1951
2154	1951
2155	1951
2156	1951
2157	1951
2158	1951
2159	1951
2160	1951
2161	1951
2162	1951
2163	1951
2164	1951
2165	1951
2166	1951
2167	1951
2168	1951
2169	950
2170	1951
2171	1794
2172	1951
2173	1751
2174	730
2175	1951
2176	1951
2177	1951
2178	1951
2179	1951
2180	1951
2181	1951
2182	1951
2183	1951
2184	313
2185	1951
2186	180
2187	1951
2188	1788
2189	1951
2190	1586
2191	1951
2192	1951
2193	1951
2194	1951
2195	1951
2196	1951
2197	1951
2198	1951
2199	1951
2200	1951
2201	1951
2202	1951
2203	1951
2204	1951
2205	1951
2206	1951
2207	1951
2208	1951
2209	1951
2210	1951
2211	1951
2212	1951
2213	1951
2214	324
2215	1436
2216	279
2217	1951
2218	1621
2219	1951
2220	1951
2221	1951
2222	1951
2223	1951
2224	1951
2225	1951
2226	1951
2227	1951
2228	1951
2229	1951
2230	1951
2231	1951
2232	1951
2233	1698
2234	1951
2235	1172
2236	1951
2237	1951
2238	1951
2239	1951
2240	1951
2241	1951
2242	180
2243	73
2244	315
2245	1951
2246	1951
2247	1951
2248	1951
2249	1951
2250	1951
2251	1951
2252	1951
2253	1951
2254	1951
2255	1951
2256	1951
2257	1951
2258	1951
2259	1951
2260	1951
2261	1951
2262	1951
2263	1951
2264	1951
2265	1951
2266	1951
2267	1951
2268	1951
2269	1951
2270	1951
2271	1951
2272	1951
2273	1951
2274	1951
2275	1951
2276	1951
2277	1951
2278	1951
2279	1951
2280	108
2281	1951
2282	1951
2283	1951
2284	1951
2285	1951
2286	1951
2287	1951
2288	1951
2289	1951
2290	1951
2291	1951
2292	1951
2293	1951
2294	1951
2295	1951
2296	1951
2297	1951
2298	1951
2299	1951
2300	1951
2301	1951
2302	1951
2303	1218
2304	1951
2305	93
2306	1951
2307	1951
2308	1951
2309	1951
2310	1951
2311	1951
2312	1951
2313	1951
2314	1951
2315	1951
2316	1951
2317	1951
2318	1951
2319	1951
2320	1951
2321	1951
2322	1951
2323	1951
2324	1951
2325	1951
2326	1951
2327	1951
2328	1951
2329	1951
2330	1951
2331	1951
2332	1951
2333	1951
2334	372
2335	528
2336	1418
2337	1951
2338	1617
2339	1951
2340	1951
2341	1951
2342	1951
2343	1951
2344	1951
2345	1951
2346	1951
2347	1951
2348	1951
2349	1155
2350	210
2351	1951
2352	716
2353	1668
2354	1802
2355	1951
2356	1951
2357	1951
2358	1951
2359	1951
2360	1951
2361	1951
2362	1951
2363	1951
2364	1951
2365	1951
2366	1951
2367	1951
2368	1951
2369	1951
2370	1951
2371	1951
2372	1951
2373	1951
2374	1951
2375	1951
2376	1688
2377	1951
2378	1951
2379	292
2380	730
2381	1951
2382	1951
2383	1951
2384	1951
2385	1951
2386	1951
2387	1951
2388	1951
2389	1951
2390	1951
2391	1951
2392	1951
2393	1951
2394	1951
2395	1951
2396	1951
2397	1951
2398	1951
2399	1951
2400	1951
2401	1951
2402	1951
2403	1951
2404	1951
2405	1951
2406	1951
2407	1951
2408	1951
2409	203
2410	1951
2411	1951
2412	1951
2413	1951
2414	1951
2415	1951
2416	1951
2417	1951
2418	1951
2419	1951
2420	1951
2421	1951
2422	1951
2423	1951
2424	115
2425	1951
2426	1951
2427	1951
2428	1951
2429	1951
2430	1951
2431	1951
2432	1951
2433	1951
2434	1951
2435	1951
2436	1951
2437	1951
2438	1951
2439	1951
2440	1951
2441	1951
2442	1951
2443	1951
2444	1951
2445	1951
2446	1951
2447	1951
2448	1951
2449	1951
2450	1951
2451	1951
2452	1951
2453	1951
2454	1951
2455	1951
2456	1951
2457	1951
2458	1951
2459	1951
2460	1951
2461	1951
2462	1951
2463	1951
2464	1951
2465	1951
2466	1951
2467	1951
2468	100
2469	1951
2470	1951
2471	1951
2472	1951
2473	1951
2474	1951
2475	1951
2476	1951
2477	1951
2478	1951
2479	1649
2480	360
2481	961
2482	134
2483	1951
2484	1951
2485	1951
2486	1951
2487	1951
2488	1951
2489	1951
2490	1951
2491	1951
2492	465
2493	283
2494	1951
2495	1951
2496	1951
2497	1951
2498	1951
2499	1951
2500	1951
2501	1951
2502	1951
2503	1951
2504	1951
2505	1951
2506	1951
2507	1951
2508	1951
2509	1951
2510	1951
2511	1951
2512	1951
2513	1951
2514	1951
2515	1951
2516	1951
2517	1951
2518	1951
2519	1951
2520	1951
2521	1951
2522	1951
2523	1951
2524	1951
2525	1951
2526	1951
2527	1951
2528	1951
2529	1951
2530	1951
2531	1951
2532	1951
2533	1951
2534	1951
2535	1951
2536	1951
2537	1951
2538	1951
2539	1951
2540	1951
2541	1951
2542	1951
2543	1951
2544	1951
2545	1951
2546	1951
2547	1951
2548	1951
2549	1951
2550	1146
2551	1951
2552	1951
2553	1951
2554	1951
2555	1951
2556	1951
2557	1951
2558	1951
2559	1951
2560	1951
2561	1951
2562	1951
2563	1951
2564	1951
2565	1951
2566	1951
2567	1951
2568	1951
2569	1951
2570	173
2571	1951
2572	1951
2573	1951
2574	1951
2575	1951
2576	1951
2577	1951
2578	1951
2579	1951
2580	1951
2581	1951
2582	1951
2583	1951
2584	1951
2585	1951
2586	1951
2587	1951
2588	1951
2589	1951
2590	1951
2591	1951
2592	1951
2593	1951
2594	1951
2595	1951
2596	1951
2597	1951
2598	1951
2599	1951
2600	1951
2601	1951
2602	1951
2603	1951
2604	1951
2605	1951
2606	170
2607	260
2608	67
2609	120
2610	123
2611	127
2612	116
2613	94
2614	578
2615	1951
2616	1951
2617	1951
2618	1951
2619	1951
2620	1951
2621	1951
2622	1951
2623	1951
2624	1951
2625	1951
2626	1951
2627	1951
2628	1951
2629	1951
2630	1951
2631	1951
2632	1951
2633	1951
2634	1951
2635	1951
2636	1951
2637	1951
2638	1951
2639	1951
2640	1951
2641	1951
2642	1951
2643	1951
2644	1951
2645	1951
2646	1951
2647	1951
2648	1951
2649	1951
2650	1951
2651	1951
2652	1951
2653	1951
2654	1951
2655	1951
2656	1951
2657	1951
2658	1951
2659	1951
2660	1951
2661	1951
2662	1951
2663	1951
2664	1951
2665	1951
2666	1951
2667	1951
2668	1951
2669	1951
2670	1951
2671	1951
2672	1951
2673	1951
2674	1951
2675	1951
2676	1951
2677	1951
2678	1951
2679	1951
2680	1951
2681	1951
2682	1951
2683	1951
2684	790
2685	1951
2686	1951
2687	323
2688	492
2689	1951
2690	1951
2691	1642
2692	1951
2693	1951
2694	1951
2695	1951
2696	1075
2697	1951
2698	1951
2699	1951
2700	1951
2701	1951
2702	1951
2703	1951
2704	1951
2705	1951
2706	1951
2707	1951
2708	1951
2709	1325
2710	505
2711	1951
2712	1745
2713	1674
2714	545
2715	730
2716	250
2717	571
2718	363
2719	437
2720	1951
2721	1951
2722	1951
2723	1951
2724	1951
2725	1951
2726	1951
2727	1951
2728	1951
2729	1951
2730	1951
2731	1951
2732	1951
2733	1951
2734	1951
2735	1951
2736	1951
2737	1951
2738	1951
2739	1951
2740	1951
2741	1951
2742	1951
2743	1951
2744	1951
2745	1951
2746	1951
2747	1951
2748	1951
2749	1951
2750	1951
2751	1951
2752	1951
2753	1951
2754	1951
2755	1951
2756	1951
2757	1951
2758	1016
2759	1951
2760	1951
2761	1951
2762	936
2763	477
2764	1951
2765	1951
2766	1951
2767	1951
2768	1951
2769	1951
2770	1951
2771	1951
2772	1951
2773	1951
2774	1951
2775	1951
2776	1951
2777	1951
2778	143
2779	899
2780	1951
2781	1951
2782	1951
2783	1951
2784	1951
2785	1951
2786	1951
2787	1951
2788	1951
2789	1951
2790	1951
2791	1951
2792	1951
2793	1951
2794	1951
2795	1951
2796	1951
2797	1951
2798	1951
2799	1951
2800	1951
2801	1951
2802	1951
2803	1951
2804	1951
2805	1951
2806	1951
2807	1951
2808	1951
2809	1951
2810	1951
2811	1951
2812	1951
2813	1951
2814	1951
2815	1951
2816	1951
2817	1951
2818	1951
2819	1951
2820	1951
2821	1951
2822	1951
2823	1951
2824	1951
2825	1951
2826	1951
2827	1951
2828	1951
2829	1951
2830	1951
2831	1951
2832	1951
2833	1951
2834	1951
2835	1951
2836	1951
2837	1951
2838	1951
2839	1951
2840	1951
2841	1951
2842	1951
2843	1951
2844	1951
2845	1951
2846	1951
2847	1951
2848	1174
2849	1951
2850	164
2851	1019
2852	1951
2853	150
2854	1951
2855	1951
2856	1951
2857	1951
2858	1951
2859	1951
2860	1951
2861	1951
2862	1951
2863	1951
2864	1951
2865	1951
2866	1951
2867	1951
2868	1951
2869	1951
2870	1951
2871	1951
2872	1951
2873	1951
2874	1951
2875	1951
2876	1951
2877	1951
2878	1951
2879	1951
2880	1951
2881	1951
2882	1951
2883	1951
2884	1951
2885	1951
2886	1951
2887	1951
2888	1951
2889	1951
2890	1951
2891	1951
2892	1951
2893	1951
2894	1951
2895	1951
2896	1849
2897	1951
2898	1951
2899	347
2900	1951
2901	359
2902	1951
2903	1951
2904	1951
2905	1951
2906	1951
2907	1951
2908	338
2909	1951
2910	1951
2911	1951
2912	1951
2913	1951
2914	1951
2915	1951
2916	1951
2917	1951
2918	1951
2919	1951
2920	1951
2921	1951
2922	1951
2923	1206
2924	1346
2925	1951
2926	1951
2927	1951
2928	1951
2929	1951
2930	1951
2931	1951
2932	1951
2933	1951
2934	1951
2935	1951
2936	1951
2937	1951
2938	1951
2939	1951
2940	1951
2941	1951
2942	1951
2943	1951
2944	1951
2945	1951
2946	1951
2947	1951
2948	1951
2949	1951
2950	1951
2951	1951
2952	1951
2953	1951
2954	1951
2955	1951
2956	1951
2957	1951
2958	1183
2959	1951
2960	1951
2961	1951
2962	855
2963	1951
2964	1306
2965	1951
2966	1104
2967	1951
2968	68
2969	1951
2970	1951
2971	674
2972	1951
2973	92
2974	1951
2975	1951
2976	1951
2977	1951
2978	1951
2979	1951
2980	1951
2981	1951
2982	1951
2983	1951
2984	1951
2985	1951
2986	1951
2987	1951
2988	1951
2989	1951
2990	1951
2991	1951
2992	1951
2993	1951
2994	1951
2995	1951
2996	1951
2997	1951
2998	1951
2999	1951
3000	1951
3001	957
3002	1951
3003	1951
3004	1951
3005	1951
3006	1951
3007	1951
3008	1951
3009	1951
3010	1951
3011	1951
3012	1951
3013	1951
3014	1951
3015	148
3016	100
3017	376
3018	1951
3019	1951
3020	118
3021	1951
3022	1951
3023	1951
3024	1951
3025	1951
3026	1951
3027	1951
3028	1951
3029	1951
3030	1951
3031	1951
3032	1951
3033	1951
3034	1951
3035	1951
3036	1951
3037	118
3038	1951
3039	1951
3040	1951
3041	1951
3042	1951
3043	1951
3044	1951
3045	1951
3046	1951
3047	1951
3048	1951
3049	1951
3050	1951
3051	1951
3052	1951
3053	1951
3054	1951
3055	1951
3056	573
3057	1951
3058	1951
3059	1951
3060	1951
3061	1951
3062	1951
3063	1951
3064	1951
3065	1951
3066	1951
3067	1951
3068	1951
3069	1951
3070	1951
3071	1951
3072	1951
3073	1951
3074	1951
3075	1951
3076	1951
3077	1951
3078	1951
3079	1951
3080	544
3081	1951
3082	1951
3083	1951
3084	1951
3085	1951
3086	1848
3087	1951
3088	1951
3089	1951
3090	1951
3091	1951
3092	1951
3093	1951
3094	1951
3095	1951
3096	1951
3097	1951
3098	1951
3099	1951
3100	1951
3101	1951
3102	1951
3103	1951
3104	1951
3105	1951
3106	1951
3107	1951
3108	1951
3109	1951
3110	1951
3111	1951
3112	1951
3113	1951
3114	1951
3115	1951
3116	87
3117	1951
3118	1951
3119	1951
3120	1951
3121	1951
3122	1951
3123	1951
3124	1951
3125	1951
3126	1951
3127	1951
3128	1951
3129	1447
3130	1951
3131	1951
3132	1951
3133	56
3134	1951
3135	88
3136	1740
3137	1213
3138	1951
3139	1951
3140	1951
3141	97
3142	1951
3143	1951
3144	1951
3145	1951
3146	1951
3147	1951
3148	1451
3149	88
3150	1951
3151	1951
3152	1951
3153	1951
3154	1318
3155	1951
3156	1951
3157	1951
3158	1951
3159	1951
3160	1951
3161	1951
3162	1951
3163	1951
3164	1951
3165	1951
3166	1951
3167	1951
3168	1951
3169	1951
3170	1951
3171	1951
3172	1951
3173	1951
3174	1951
3175	1951
3176	1951
3177	189
3178	1377
3179	1951
3180	1951
3181	517
3182	1951
3183	1951
3184	1951
3185	1951
3186	1951
3187	1951
3188	1951
3189	236
3190	1951
3191	1951
3192	1560
3193	167
3194	1951
3195	1951
3196	1951
3197	1951
3198	1951
3199	1951
3200	1951
3201	1951
3202	1951
3203	1951
3204	1951
3205	1951
3206	1951
3207	1951
3208	1951
3209	439
3210	1951
3211	131
3212	609
3213	1951
3214	1951
3215	1951
3216	1951
3217	1951
3218	1951
3219	1951
3220	1951
3221	1951
3222	1951
3223	1951
3224	1951
3225	1951
3226	1951
3227	1951
3228	1951
3229	1951
3230	1951
3231	1951
3232	1951
3233	1951
3234	1951
3235	1951
3236	1951
3237	1951
3238	1951
3239	1951
3240	141
3241	120
3242	1951
3243	1951
3244	1951
3245	1951
3246	1951
3247	1951
3248	1951
3249	1951
3250	1951
3251	1951
3252	1763
3253	1951
3254	1951
3255	1951
3256	1951
3257	1951
3258	1951
3259	1951
3260	1951
3261	1951
3262	1951
3263	1951
3264	1951
3265	1951
3266	1951
3267	1951
3268	1951
3269	1951
3270	1951
3271	1951
3272	1951
3273	1951
3274	1951
3275	987
3276	1111
3277	1951
3278	1951
3279	259
3280	1951
3281	1951
3282	1951
3283	1951
3284	1951
3285	1951
3286	1951
3287	1951
3288	1951
3289	1951
3290	1951
3291	1951
3292	1951
3293	1951
3294	1951
3295	1951
3296	1951
3297	1951
3298	1951
3299	166
3300	1951
3301	1951
3302	1951
3303	1951
3304	1951
3305	1951
3306	1951
3307	1951
3308	1951
3309	1873
3310	193
3311	1951
3312	1951
3313	1951
3314	1334
3315	1951
3316	1951
3317	1951
3318	1951
3319	1951
3320	1951
3321	1951
3322	1951
3323	1951
3324	1951
3325	1951
3326	1951
3327	1951
3328	1951
3329	1951
3330	1951
3331	1951
3332	1951
3333	1951
3334	1951
3335	1951
3336	1951
3337	1951
3338	1951
3339	1951
3340	1951
3341	1951
3342	1951
3343	1951
3344	1951
3345	1951
3346	1951
3347	1951
3348	1951
3349	748
3350	601
3351	256
3352	1951
3353	1951
3354	1951
3355	1951
3356	1951
3357	1951
3358	1951
3359	1951
3360	1951
3361	1951
3362	1951
3363	1951
3364	1951
3365	1951
3366	1951
3367	1951
3368	154
3369	1951
3370	1951
3371	1951
3372	1951
3373	1951
3374	1724
3375	1951
3376	1951
3377	1951
3378	1951
3379	1951
3380	236
3381	271
3382	1951
3383	1951
3384	1951
3385	1951
3386	1951
3387	1951
3388	1951
3389	1951
3390	1951
3391	1951
3392	1951
3393	1951
3394	1951
3395	1951
3396	1951
3397	1951
3398	1951
3399	1951
3400	260
3401	356
3402	1951
3403	1951
3404	1951
3405	1951
3406	1951
3407	1951
3408	1951
3409	220
3410	1951
3411	1951
3412	1951
3413	1951
3414	176
3415	181
3416	1719
3417	1951
3418	1951
3419	1951
3420	1951
3421	1951
3422	1951
3423	1951
3424	1951
3425	1951
3426	1951
3427	1951
3428	1951
3429	1951
3430	1951
3431	1951
3432	1951
3433	1951
3434	1951
3435	1951
3436	1951
3437	1951
3438	1951
3439	1951
3440	1951
3441	1951
3442	1951
3443	1951
3444	1951
3445	1951
3446	1951
3447	1951
3448	1951
3449	1951
3450	129
3451	126
3452	122
3453	124
3454	130
3455	144
3456	107
3457	106
3458	97
3459	90
3460	104
3461	99
3462	86
3463	167
3464	117
3465	152
3466	122
3467	157
3468	151
3469	1951
3470	1951
3471	1021
3472	181
3473	140
3474	165
3475	203
3476	1951
3477	977
3478	148
3479	1951
3480	1951
3481	1951
3482	1951
3483	1951
3484	1951
3485	1951
3486	1951
3487	1951
3488	1951
3489	1951
3490	1951
3491	167
3492	1951
3493	1951
3494	1951
3495	1912
3496	1951
3497	1951
3498	1951
3499	1951
3500	1951
3501	1951
3502	1951
3503	1951
3504	1951
3505	1951
3506	1951
3507	1951
3508	1951
3509	1951
3510	1951
3511	1951
3512	900
3513	1951
3514	1951
3515	1951
3516	1951
3517	1951
3518	1951
3519	1951
3520	1951
3521	1524
3522	1951
3523	1951
3524	1951
3525	1951
3526	1951
3527	1951
3528	1951
3529	1951
3530	1951
3531	1951
3532	1951
3533	1951
3534	1951
3535	1951
3536	1951
3537	1951
3538	1951
3539	1951
3540	1951
3541	1951
3542	1951
3543	1951
3544	1951
3545	1951
3546	1951
3547	1951
3548	1951
3549	1951
3550	1951
3551	1951
3552	1951
3553	1951
3554	1951
3555	1951
3556	1951
3557	1951
3558	1951
3559	1951
3560	1951
3561	1951
3562	1951
3563	1951
3564	1951
3565	1951
3566	1951
3567	1951
3568	1951
3569	1951
3570	1951
3571	1951
3572	1951
3573	1951
3574	1951
3575	1951
3576	1951
3577	1951
3578	1951
3579	1951
3580	1951
3581	1951
3582	1951
3583	1951
3584	1951
3585	1951
3586	1951
3587	1951
3588	1951
3589	1951
3590	1951
3591	1951
3592	1951
3593	1951
3594	1951
3595	1951
3596	1951
3597	1951
3598	1951
3599	1951
3600	1951
3601	1951
3602	1951
3603	1951
3604	1951
3605	1951
3606	1951
3607	1951
3608	1951
3609	1951
3610	1951
3611	1951
3612	1951
3613	1951
3614	1951
3615	1951
3616	1951
3617	1951
3618	1951
3619	1951
3620	1951
3621	1951
